"0","bp <- ggplot(Eurodata_mestari, aes(x=reorder(Sisalto, lkm)
                              ,y=lkm
                              #,fill=reorder(Sisalto, -lkm)
                                    )) +
  #geom_flag( aes(x=Tyyppi, country = id_lower_case)) + 
  geom_flag( aes(country = id_lower_case)) + 
  #geom_flag(y = -50, aes(image = id_lower_case))  +
  geom_bar(stat=""identity"", width=0.7, position=position_dodge(width=0.8))+
  coord_flip() +
  facet_wrap(~Tyyppi,ncol = 2)
  #xlab("""") +
  #ylab(""Veikkausten määrä"") +
  theme_classic() +
  #coord_flip() +
  #geom_text(aes(label=lkm),
         #   position = position_dodge(width=0.8),
          #  vjust=1.5, colour=""white"", size=3.5)
print(bp)
"
"1","List"
"1",""
"1"," of "
"1",""
"1","102"
"1",""
"1","
"
"1"," "
"1",""
"1","$ "
"1",""
"1","line                      "
"1",""
"1",":"
"1","List"
"1",""
"1"," of "
"1",""
"1","6"
"1",""
"1","
"
"1","  .."
"1",""
"1","$ "
"1",""
"1","colour       "
"1",""
"1",":"
"1"," chr "
"1",""
"1","""black"""
"1",""
"1","
"
"1","  .."
"1",""
"1","$ "
"1",""
"1","size         "
"1",""
"1",":"
"1"," num "
"1",""
"1","0.5"
"1",""
"1","
"
"1","  .."
"1",""
"1","$ "
"1",""
"1","linetype     "
"1",""
"1",":"
"1"," num "
"1",""
"1","1"
"1",""
"1","
"
"1","  .."
"1",""
"1","$ "
"1",""
"1","lineend      "
"1",""
"1",":"
"1"," chr "
"1",""
"1","""butt"""
"1",""
"1","
"
"1","  .."
"1",""
"1","$ "
"1",""
"1","arrow        "
"1",""
"1",":"
"1"," logi "
"1",""
"1","FALSE"
"1",""
"1","
"
"1","  .."
"1",""
"1","$ "
"1",""
"1","inherit.blank"
"1",""
"1",":"
"1"," logi "
"1",""
"1","TRUE"
"1",""
"1","
"
"1","  .."
"1",""
"1","- attr(*, ""class"")="
"1"," chr [1:2] "
"1",""
"1","""element_line"" ""element"""
"1",""
"1","
"
"1"," "
"1",""
"1","$ "
"1",""
"1","rect                      "
"1",""
"1",":"
"1","List"
"1",""
"1"," of "
"1",""
"1","5"
"1",""
"1","
"
"1","  .."
"1",""
"1","$ "
"1",""
"1","fill         "
"1",""
"1",":"
"1"," chr "
"1",""
"1","""white"""
"1",""
"1","
"
"1","  .."
"1",""
"1","$ "
"1",""
"1","colour       "
"1",""
"1",":"
"1"," chr "
"1",""
"1","""black"""
"1",""
"1","
"
"1","  .."
"1",""
"1","$ "
"1",""
"1","size         "
"1",""
"1",":"
"1"," num "
"1",""
"1","0.5"
"1",""
"1","
"
"1","  .."
"1",""
"1","$ "
"1",""
"1","linetype     "
"1",""
"1",":"
"1"," num "
"1",""
"1","1"
"1",""
"1","
"
"1","  .."
"1",""
"1","$ "
"1",""
"1","inherit.blank"
"1",""
"1",":"
"1"," logi "
"1",""
"1","TRUE"
"1",""
"1","
"
"1","  .."
"1",""
"1","- attr(*, ""class"")="
"1"," chr [1:2] "
"1",""
"1","""element_rect"" ""element"""
"1",""
"1","
"
"1"," "
"1",""
"1","$ "
"1",""
"1","text                      "
"1",""
"1",":"
"1","List"
"1",""
"1"," of "
"1",""
"1","11"
"1",""
"1","
"
"1","  .."
"1",""
"1","$ "
"1",""
"1","family       "
"1",""
"1",":"
"1"," chr "
"1",""
"1",""""""
"1",""
"1","
"
"1","  .."
"1",""
"1","$ "
"1",""
"1","face         "
"1",""
"1",":"
"1"," chr "
"1",""
"1","""plain"""
"1",""
"1","
"
"1","  .."
"1",""
"1","$ "
"1",""
"1","colour       "
"1",""
"1",":"
"1"," chr "
"1",""
"1","""black"""
"1",""
"1","
"
"1","  .."
"1",""
"1","$ "
"1",""
"1","size         "
"1",""
"1",":"
"1"," num "
"1",""
"1","11"
"1",""
"1","
"
"1","  .."
"1",""
"1","$ "
"1",""
"1","hjust        "
"1",""
"1",":"
"1"," num "
"1",""
"1","0.5"
"1",""
"1","
"
"1","  .."
"1",""
"1","$ "
"1",""
"1","vjust        "
"1",""
"1",":"
"1"," num "
"1",""
"1","0.5"
"1",""
"1","
"
"1","  .."
"1",""
"1","$ "
"1",""
"1","angle        "
"1",""
"1",":"
"1"," num "
"1",""
"1","0"
"1",""
"1","
"
"1","  .."
"1",""
"1","$ "
"1",""
"1","lineheight   "
"1",""
"1",":"
"1"," num "
"1",""
"1","0.9"
"1",""
"1","
"
"1","  .."
"1",""
"1","$ "
"1",""
"1","margin       "
"1",""
"1",":"
"1"," 'margin' num [1:4] "
"1",""
"1","0points 0points 0points 0points"
"1",""
"1","
"
"1","  .. .."
"1",""
"1","- attr(*, ""unit"")="
"1"," int "
"1",""
"1","8"
"1",""
"1","
"
"1","  .."
"1",""
"1","$ "
"1",""
"1","debug        "
"1",""
"1",":"
"1"," logi "
"1",""
"1","FALSE"
"1",""
"1","
"
"1","  .."
"1",""
"1","$ "
"1",""
"1","inherit.blank"
"1",""
"1",":"
"1"," logi "
"1",""
"1","TRUE"
"1",""
"1","
"
"1","  .."
"1",""
"1","- attr(*, ""class"")="
"1"," chr [1:2] "
"1",""
"1","""element_text"" ""element"""
"1",""
"1","
"
"1"," "
"1",""
"1","$ "
"1",""
"1","title                     "
"1",""
"1",":"
"1"," NULL
"
"1"," "
"1",""
"1","$ "
"1",""
"1","aspect.ratio              "
"1",""
"1",":"
"1"," NULL
"
"1"," "
"1",""
"1","$ "
"1",""
"1","axis.title                "
"1",""
"1",":"
"1"," NULL
"
"1"," "
"1",""
"1","$ "
"1",""
"1","axis.title.x              "
"1",""
"1",":"
"1","List"
"1",""
"1"," of "
"1",""
"1","11"
"1",""
"1","
"
"1","  .."
"1",""
"1","$ "
"1",""
"1","family       "
"1",""
"1",":"
"1"," NULL
"
"1","  .."
"1",""
"1","$ "
"1",""
"1","face         "
"1",""
"1",":"
"1"," NULL
"
"1","  .."
"1",""
"1","$ "
"1",""
"1","colour       "
"1",""
"1",":"
"1"," NULL
"
"1","  .."
"1",""
"1","$ "
"1",""
"1","size         "
"1",""
"1",":"
"1"," NULL
"
"1","  .."
"1",""
"1","$ "
"1",""
"1","hjust        "
"1",""
"1",":"
"1"," NULL
"
"1","  .."
"1",""
"1","$ "
"1",""
"1","vjust        "
"1",""
"1",":"
"1"," num "
"1",""
"1","1"
"1",""
"1","
"
"1","  .."
"1",""
"1","$ "
"1",""
"1","angle        "
"1",""
"1",":"
"1"," NULL
"
"1","  .."
"1",""
"1","$ "
"1",""
"1","lineheight   "
"1",""
"1",":"
"1"," NULL
"
"1","  .."
"1",""
"1","$ "
"1",""
"1","margin       "
"1",""
"1",":"
"1"," 'margin' num [1:4] "
"1",""
"1","2.75points 0points 0points 0points"
"1",""
"1","
"
"1","  .. .."
"1",""
"1","- attr(*, ""unit"")="
"1"," int "
"1",""
"1","8"
"1",""
"1","
"
"1","  .."
"1",""
"1","$ "
"1",""
"1","debug        "
"1",""
"1",":"
"1"," NULL
"
"1","  .."
"1",""
"1","$ "
"1",""
"1","inherit.blank"
"1",""
"1",":"
"1"," logi "
"1",""
"1","TRUE"
"1",""
"1","
"
"1","  .."
"1",""
"1","- attr(*, ""class"")="
"1"," chr [1:2] "
"1",""
"1","""element_text"" ""element"""
"1",""
"1","
"
"1"," "
"1",""
"1","$ "
"1",""
"1","axis.title.x.top          "
"1",""
"1",":"
"1","List"
"1",""
"1"," of "
"1",""
"1","11"
"1",""
"1","
"
"1","  .."
"1",""
"1","$ "
"1",""
"1","family       "
"1",""
"1",":"
"1"," NULL
"
"1","  .."
"1",""
"1","$ "
"1",""
"1","face         "
"1",""
"1",":"
"1"," NULL
"
"1","  .."
"1",""
"1","$ "
"1",""
"1","colour       "
"1",""
"1",":"
"1"," NULL
"
"1","  .."
"1",""
"1","$ "
"1",""
"1","size         "
"1",""
"1",":"
"1"," NULL
"
"1","  .."
"1",""
"1","$ "
"1",""
"1","hjust        "
"1",""
"1",":"
"1"," NULL
"
"1","  .."
"1",""
"1","$ "
"1",""
"1","vjust        "
"1",""
"1",":"
"1"," num "
"1",""
"1","0"
"1",""
"1","
"
"1","  .."
"1",""
"1","$ "
"1",""
"1","angle        "
"1",""
"1",":"
"1"," NULL
"
"1","  .."
"1",""
"1","$ "
"1",""
"1","lineheight   "
"1",""
"1",":"
"1"," NULL
"
"1","  .."
"1",""
"1","$ "
"1",""
"1","margin       "
"1",""
"1",":"
"1"," 'margin' num [1:4] "
"1",""
"1","0points 0points 2.75points 0points"
"1",""
"1","
"
"1","  .. .."
"1",""
"1","- attr(*, ""unit"")="
"1"," int "
"1",""
"1","8"
"1",""
"1","
"
"1","  .."
"1",""
"1","$ "
"1",""
"1","debug        "
"1",""
"1",":"
"1"," NULL
"
"1","  .."
"1",""
"1","$ "
"1",""
"1","inherit.blank"
"1",""
"1",":"
"1"," logi "
"1",""
"1","TRUE"
"1",""
"1","
"
"1","  .."
"1",""
"1","- attr(*, ""class"")="
"1"," chr [1:2] "
"1",""
"1","""element_text"" ""element"""
"1",""
"1","
"
"1"," "
"1",""
"1","$ "
"1",""
"1","axis.title.x.bottom       "
"1",""
"1",":"
"1"," NULL
"
"1"," "
"1",""
"1","$ "
"1",""
"1","axis.title.y              "
"1",""
"1",":"
"1","List"
"1",""
"1"," of "
"1",""
"1","11"
"1",""
"1","
"
"1","  .."
"1",""
"1","$ "
"1",""
"1","family       "
"1",""
"1",":"
"1"," NULL
"
"1","  .."
"1",""
"1","$ "
"1",""
"1","face         "
"1",""
"1",":"
"1"," NULL
"
"1","  .."
"1",""
"1","$ "
"1",""
"1","colour       "
"1",""
"1",":"
"1"," NULL
"
"1","  .."
"1",""
"1","$ "
"1",""
"1","size         "
"1",""
"1",":"
"1"," NULL
"
"1","  .."
"1",""
"1","$ "
"1",""
"1","hjust        "
"1",""
"1",":"
"1"," NULL
"
"1","  .."
"1",""
"1","$ "
"1",""
"1","vjust        "
"1",""
"1",":"
"1"," num "
"1",""
"1","1"
"1",""
"1","
"
"1","  .."
"1",""
"1","$ "
"1",""
"1","angle        "
"1",""
"1",":"
"1"," num "
"1",""
"1","90"
"1",""
"1","
"
"1","  .."
"1",""
"1","$ "
"1",""
"1","lineheight   "
"1",""
"1",":"
"1"," NULL
"
"1","  .."
"1",""
"1","$ "
"1",""
"1","margin       "
"1",""
"1",":"
"1"," 'margin' num [1:4] "
"1",""
"1","0points 2.75points 0points 0points"
"1",""
"1","
"
"1","  .. .."
"1",""
"1","- attr(*, ""unit"")="
"1"," int "
"1",""
"1","8"
"1",""
"1","
"
"1","  .."
"1",""
"1","$ "
"1",""
"1","debug        "
"1",""
"1",":"
"1"," NULL
"
"1","  .."
"1",""
"1","$ "
"1",""
"1","inherit.blank"
"1",""
"1",":"
"1"," logi "
"1",""
"1","TRUE"
"1",""
"1","
"
"1","  .."
"1",""
"1","- attr(*, ""class"")="
"1"," chr [1:2] "
"1",""
"1","""element_text"" ""element"""
"1",""
"1","
"
"1"," "
"1",""
"1","$ "
"1",""
"1","axis.title.y.left         "
"1",""
"1",":"
"1"," NULL
"
"1"," "
"1",""
"1","$ "
"1",""
"1","axis.title.y.right        "
"1",""
"1",":"
"1","List"
"1",""
"1"," of "
"1",""
"1","11"
"1",""
"1","
"
"1","  .."
"1",""
"1","$ "
"1",""
"1","family       "
"1",""
"1",":"
"1"," NULL
"
"1","  .."
"1",""
"1","$ "
"1",""
"1","face         "
"1",""
"1",":"
"1"," NULL
"
"1","  .."
"1",""
"1","$ "
"1",""
"1","colour       "
"1",""
"1",":"
"1"," NULL
"
"1","  .."
"1",""
"1","$ "
"1",""
"1","size         "
"1",""
"1",":"
"1"," NULL
"
"1","  .."
"1",""
"1","$ "
"1",""
"1","hjust        "
"1",""
"1",":"
"1"," NULL
"
"1","  .."
"1",""
"1","$ "
"1",""
"1","vjust        "
"1",""
"1",":"
"1"," num "
"1",""
"1","0"
"1",""
"1","
"
"1","  .."
"1",""
"1","$ "
"1",""
"1","angle        "
"1",""
"1",":"
"1"," num "
"1",""
"1","-90"
"1",""
"1","
"
"1","  .."
"1",""
"1","$ "
"1",""
"1","lineheight   "
"1",""
"1",":"
"1"," NULL
"
"1","  .."
"1",""
"1","$ "
"1",""
"1","margin       "
"1",""
"1",":"
"1"," 'margin' num [1:4] "
"1",""
"1","0points 0points 0points 2.75points"
"1",""
"1","
"
"1","  .. .."
"1",""
"1","- attr(*, ""unit"")="
"1"," int "
"1",""
"1","8"
"1",""
"1","
"
"1","  .."
"1",""
"1","$ "
"1",""
"1","debug        "
"1",""
"1",":"
"1"," NULL
"
"1","  .."
"1",""
"1","$ "
"1",""
"1","inherit.blank"
"1",""
"1",":"
"1"," logi "
"1",""
"1","TRUE"
"1",""
"1","
"
"1","  .."
"1",""
"1","- attr(*, ""class"")="
"1"," chr [1:2] "
"1",""
"1","""element_text"" ""element"""
"1",""
"1","
"
"1"," "
"1",""
"1","$ "
"1",""
"1","axis.text                 "
"1",""
"1",":"
"1","List"
"1",""
"1"," of "
"1",""
"1","11"
"1",""
"1","
"
"1","  .."
"1",""
"1","$ "
"1",""
"1","family       "
"1",""
"1",":"
"1"," NULL
"
"1","  .."
"1",""
"1","$ "
"1",""
"1","face         "
"1",""
"1",":"
"1"," NULL
"
"1","  .."
"1",""
"1","$ "
"1",""
"1","colour       "
"1",""
"1",":"
"1"," chr "
"1",""
"1","""grey30"""
"1",""
"1","
"
"1","  .."
"1",""
"1","$ "
"1",""
"1","size         "
"1",""
"1",":"
"1"," 'rel' num "
"1",""
"1","0.8"
"1",""
"1","
"
"1","  .."
"1",""
"1","$ "
"1",""
"1","hjust        "
"1",""
"1",":"
"1"," NULL
"
"1","  .."
"1",""
"1","$ "
"1",""
"1","vjust        "
"1",""
"1",":"
"1"," NULL
"
"1","  .."
"1",""
"1","$ "
"1",""
"1","angle        "
"1",""
"1",":"
"1"," NULL
"
"1","  .."
"1",""
"1","$ "
"1",""
"1","lineheight   "
"1",""
"1",":"
"1"," NULL
"
"1","  .."
"1",""
"1","$ "
"1",""
"1","margin       "
"1",""
"1",":"
"1"," NULL
"
"1","  .."
"1",""
"1","$ "
"1",""
"1","debug        "
"1",""
"1",":"
"1"," NULL
"
"1","  .."
"1",""
"1","$ "
"1",""
"1","inherit.blank"
"1",""
"1",":"
"1"," logi "
"1",""
"1","TRUE"
"1",""
"1","
"
"1","  .."
"1",""
"1","- attr(*, ""class"")="
"1"," chr [1:2] "
"1",""
"1","""element_text"" ""element"""
"1",""
"1","
"
"1"," "
"1",""
"1","$ "
"1",""
"1","axis.text.x               "
"1",""
"1",":"
"1","List"
"1",""
"1"," of "
"1",""
"1","11"
"1",""
"1","
"
"1","  .."
"1",""
"1","$ "
"1",""
"1","family       "
"1",""
"1",":"
"1"," NULL
"
"1","  .."
"1",""
"1","$ "
"1",""
"1","face         "
"1",""
"1",":"
"1"," NULL
"
"1","  .."
"1",""
"1","$ "
"1",""
"1","colour       "
"1",""
"1",":"
"1"," NULL
"
"1","  .."
"1",""
"1","$ "
"1",""
"1","size         "
"1",""
"1",":"
"1"," NULL
"
"1","  .."
"1",""
"1","$ "
"1",""
"1","hjust        "
"1",""
"1",":"
"1"," NULL
"
"1","  .."
"1",""
"1","$ "
"1",""
"1","vjust        "
"1",""
"1",":"
"1"," num "
"1",""
"1","1"
"1",""
"1","
"
"1","  .."
"1",""
"1","$ "
"1",""
"1","angle        "
"1",""
"1",":"
"1"," NULL
"
"1","  .."
"1",""
"1","$ "
"1",""
"1","lineheight   "
"1",""
"1",":"
"1"," NULL
"
"1","  .."
"1",""
"1","$ "
"1",""
"1","margin       "
"1",""
"1",":"
"1"," 'margin' num [1:4] "
"1",""
"1","2.2points 0points 0points 0points"
"1",""
"1","
"
"1","  .. .."
"1",""
"1","- attr(*, ""unit"")="
"1"," int "
"1",""
"1","8"
"1",""
"1","
"
"1","  .."
"1",""
"1","$ "
"1",""
"1","debug        "
"1",""
"1",":"
"1"," NULL
"
"1","  .."
"1",""
"1","$ "
"1",""
"1","inherit.blank"
"1",""
"1",":"
"1"," logi "
"1",""
"1","TRUE"
"1",""
"1","
"
"1","  .."
"1",""
"1","- attr(*, ""class"")="
"1"," chr [1:2] "
"1",""
"1","""element_text"" ""element"""
"1",""
"1","
"
"1"," "
"1",""
"1","$ "
"1",""
"1","axis.text.x.top           "
"1",""
"1",":"
"1","List"
"1",""
"1"," of "
"1",""
"1","11"
"1",""
"1","
"
"1","  .."
"1",""
"1","$ "
"1",""
"1","family       "
"1",""
"1",":"
"1"," NULL
"
"1","  .."
"1",""
"1","$ "
"1",""
"1","face         "
"1",""
"1",":"
"1"," NULL
"
"1","  .."
"1",""
"1","$ "
"1",""
"1","colour       "
"1",""
"1",":"
"1"," NULL
"
"1","  .."
"1",""
"1","$ "
"1",""
"1","size         "
"1",""
"1",":"
"1"," NULL
"
"1","  .."
"1",""
"1","$ "
"1",""
"1","hjust        "
"1",""
"1",":"
"1"," NULL
"
"1","  .."
"1",""
"1","$ "
"1",""
"1","vjust        "
"1",""
"1",":"
"1"," num "
"1",""
"1","0"
"1",""
"1","
"
"1","  .."
"1",""
"1","$ "
"1",""
"1","angle        "
"1",""
"1",":"
"1"," NULL
"
"1","  .."
"1",""
"1","$ "
"1",""
"1","lineheight   "
"1",""
"1",":"
"1"," NULL
"
"1","  .."
"1",""
"1","$ "
"1",""
"1","margin       "
"1",""
"1",":"
"1"," 'margin' num [1:4] "
"1",""
"1","0points 0points 2.2points 0points"
"1",""
"1","
"
"1","  .. .."
"1",""
"1","- attr(*, ""unit"")="
"1"," int "
"1",""
"1","8"
"1",""
"1","
"
"1","  .."
"1",""
"1","$ "
"1",""
"1","debug        "
"1",""
"1",":"
"1"," NULL
"
"1","  .."
"1",""
"1","$ "
"1",""
"1","inherit.blank"
"1",""
"1",":"
"1"," logi "
"1",""
"1","TRUE"
"1",""
"1","
"
"1","  .."
"1",""
"1","- attr(*, ""class"")="
"1"," chr [1:2] "
"1",""
"1","""element_text"" ""element"""
"1",""
"1","
"
"1"," "
"1",""
"1","$ "
"1",""
"1","axis.text.x.bottom        "
"1",""
"1",":"
"1"," NULL
"
"1"," "
"1",""
"1","$ "
"1",""
"1","axis.text.y               "
"1",""
"1",":"
"1","List"
"1",""
"1"," of "
"1",""
"1","11"
"1",""
"1","
"
"1","  .."
"1",""
"1","$ "
"1",""
"1","family       "
"1",""
"1",":"
"1"," NULL
"
"1","  .."
"1",""
"1","$ "
"1",""
"1","face         "
"1",""
"1",":"
"1"," NULL
"
"1","  .."
"1",""
"1","$ "
"1",""
"1","colour       "
"1",""
"1",":"
"1"," NULL
"
"1","  .."
"1",""
"1","$ "
"1",""
"1","size         "
"1",""
"1",":"
"1"," NULL
"
"1","  .."
"1",""
"1","$ "
"1",""
"1","hjust        "
"1",""
"1",":"
"1"," num "
"1",""
"1","1"
"1",""
"1","
"
"1","  .."
"1",""
"1","$ "
"1",""
"1","vjust        "
"1",""
"1",":"
"1"," NULL
"
"1","  .."
"1",""
"1","$ "
"1",""
"1","angle        "
"1",""
"1",":"
"1"," NULL
"
"1","  .."
"1",""
"1","$ "
"1",""
"1","lineheight   "
"1",""
"1",":"
"1"," NULL
"
"1","  .."
"1",""
"1","$ "
"1",""
"1","margin       "
"1",""
"1",":"
"1"," 'margin' num [1:4] "
"1",""
"1","0points 2.2points 0points 0points"
"1",""
"1","
"
"1","  .. .."
"1",""
"1","- attr(*, ""unit"")="
"1"," int "
"1",""
"1","8"
"1",""
"1","
"
"1","  .."
"1",""
"1","$ "
"1",""
"1","debug        "
"1",""
"1",":"
"1"," NULL
"
"1","  .."
"1",""
"1","$ "
"1",""
"1","inherit.blank"
"1",""
"1",":"
"1"," logi "
"1",""
"1","TRUE"
"1",""
"1","
"
"1","  .."
"1",""
"1","- attr(*, ""class"")="
"1"," chr [1:2] "
"1",""
"1","""element_text"" ""element"""
"1",""
"1","
"
"1"," "
"1",""
"1","$ "
"1",""
"1","axis.text.y.left          "
"1",""
"1",":"
"1"," NULL
"
"1"," "
"1",""
"1","$ "
"1",""
"1","axis.text.y.right         "
"1",""
"1",":"
"1","List"
"1",""
"1"," of "
"1",""
"1","11"
"1",""
"1","
"
"1","  .."
"1",""
"1","$ "
"1",""
"1","family       "
"1",""
"1",":"
"1"," NULL
"
"1","  .."
"1",""
"1","$ "
"1",""
"1","face         "
"1",""
"1",":"
"1"," NULL
"
"1","  .."
"1",""
"1","$ "
"1",""
"1","colour       "
"1",""
"1",":"
"1"," NULL
"
"1","  .."
"1",""
"1","$ "
"1",""
"1","size         "
"1",""
"1",":"
"1"," NULL
"
"1","  .."
"1",""
"1","$ "
"1",""
"1","hjust        "
"1",""
"1",":"
"1"," num "
"1",""
"1","0"
"1",""
"1","
"
"1","  .."
"1",""
"1","$ "
"1",""
"1","vjust        "
"1",""
"1",":"
"1"," NULL
"
"1","  .."
"1",""
"1","$ "
"1",""
"1","angle        "
"1",""
"1",":"
"1"," NULL
"
"1","  .."
"1",""
"1","$ "
"1",""
"1","lineheight   "
"1",""
"1",":"
"1"," NULL
"
"1","  .."
"1",""
"1","$ "
"1",""
"1","margin       "
"1",""
"1",":"
"1"," 'margin' num [1:4] "
"1",""
"1","0points 0points 0points 2.2points"
"1",""
"1","
"
"1","  .. .."
"1",""
"1","- attr(*, ""unit"")="
"1"," int "
"1",""
"1","8"
"1",""
"1","
"
"1","  .."
"1",""
"1","$ "
"1",""
"1","debug        "
"1",""
"1",":"
"1"," NULL
"
"1","  .."
"1",""
"1","$ "
"1",""
"1","inherit.blank"
"1",""
"1",":"
"1"," logi "
"1",""
"1","TRUE"
"1",""
"1","
"
"1","  .."
"1",""
"1","- attr(*, ""class"")="
"1"," chr [1:2] "
"1",""
"1","""element_text"" ""element"""
"1",""
"1","
"
"1"," "
"1",""
"1","$ "
"1",""
"1","axis.ticks                "
"1",""
"1",":"
"1","List"
"1",""
"1"," of "
"1",""
"1","6"
"1",""
"1","
"
"1","  .."
"1",""
"1","$ "
"1",""
"1","colour       "
"1",""
"1",":"
"1"," chr "
"1",""
"1","""grey20"""
"1",""
"1","
"
"1","  .."
"1",""
"1","$ "
"1",""
"1","size         "
"1",""
"1",":"
"1"," NULL
"
"1","  .."
"1",""
"1","$ "
"1",""
"1","linetype     "
"1",""
"1",":"
"1"," NULL
"
"1","  .."
"1",""
"1","$ "
"1",""
"1","lineend      "
"1",""
"1",":"
"1"," NULL
"
"1","  .."
"1",""
"1","$ "
"1",""
"1","arrow        "
"1",""
"1",":"
"1"," logi "
"1",""
"1","FALSE"
"1",""
"1","
"
"1","  .."
"1",""
"1","$ "
"1",""
"1","inherit.blank"
"1",""
"1",":"
"1"," logi "
"1",""
"1","TRUE"
"1",""
"1","
"
"1","  .."
"1",""
"1","- attr(*, ""class"")="
"1"," chr [1:2] "
"1",""
"1","""element_line"" ""element"""
"1",""
"1","
"
"1"," "
"1",""
"1","$ "
"1",""
"1","axis.ticks.x              "
"1",""
"1",":"
"1"," NULL
"
"1"," "
"1",""
"1","$ "
"1",""
"1","axis.ticks.x.top          "
"1",""
"1",":"
"1"," NULL
"
"1"," "
"1",""
"1","$ "
"1",""
"1","axis.ticks.x.bottom       "
"1",""
"1",":"
"1"," NULL
"
"1"," "
"1",""
"1","$ "
"1",""
"1","axis.ticks.y              "
"1",""
"1",":"
"1"," NULL
"
"1"," "
"1",""
"1","$ "
"1",""
"1","axis.ticks.y.left         "
"1",""
"1",":"
"1"," NULL
"
"1"," "
"1",""
"1","$ "
"1",""
"1","axis.ticks.y.right        "
"1",""
"1",":"
"1"," NULL
"
"1"," "
"1",""
"1","$ "
"1",""
"1","axis.ticks.length         "
"1",""
"1",":"
"1"," 'simpleUnit' num "
"1",""
"1","2.75points"
"1",""
"1","
"
"1","  .."
"1",""
"1","- attr(*, ""unit"")="
"1"," int "
"1",""
"1","8"
"1",""
"1","
"
"1"," "
"1",""
"1","$ "
"1",""
"1","axis.ticks.length.x       "
"1",""
"1",":"
"1"," NULL
"
"1"," "
"1",""
"1","$ "
"1",""
"1","axis.ticks.length.x.top   "
"1",""
"1",":"
"1"," NULL
"
"1"," "
"1",""
"1","$ "
"1",""
"1","axis.ticks.length.x.bottom"
"1",""
"1",":"
"1"," NULL
"
"1"," "
"1",""
"1","$ "
"1",""
"1","axis.ticks.length.y       "
"1",""
"1",":"
"1"," NULL
"
"1"," "
"1",""
"1","$ "
"1",""
"1","axis.ticks.length.y.left  "
"1",""
"1",":"
"1"," NULL
"
"1"," "
"1",""
"1","$ "
"1",""
"1","axis.ticks.length.y.right "
"1",""
"1",":"
"1"," NULL
"
"1"," "
"1",""
"1","$ "
"1",""
"1","axis.line                 "
"1",""
"1",":"
"1","List"
"1",""
"1"," of "
"1",""
"1","6"
"1",""
"1","
"
"1","  .."
"1",""
"1","$ "
"1",""
"1","colour       "
"1",""
"1",":"
"1"," chr "
"1",""
"1","""black"""
"1",""
"1","
"
"1","  .."
"1",""
"1","$ "
"1",""
"1","size         "
"1",""
"1",":"
"1"," 'rel' num "
"1",""
"1","1"
"1",""
"1","
"
"1","  .."
"1",""
"1","$ "
"1",""
"1","linetype     "
"1",""
"1",":"
"1"," NULL
"
"1","  .."
"1",""
"1","$ "
"1",""
"1","lineend      "
"1",""
"1",":"
"1"," NULL
"
"1","  .."
"1",""
"1","$ "
"1",""
"1","arrow        "
"1",""
"1",":"
"1"," logi "
"1",""
"1","FALSE"
"1",""
"1","
"
"1","  .."
"1",""
"1","$ "
"1",""
"1","inherit.blank"
"1",""
"1",":"
"1"," logi "
"1",""
"1","TRUE"
"1",""
"1","
"
"1","  .."
"1",""
"1","- attr(*, ""class"")="
"1"," chr [1:2] "
"1",""
"1","""element_line"" ""element"""
"1",""
"1","
"
"1"," "
"1",""
"1","$ "
"1",""
"1","axis.line.x               "
"1",""
"1",":"
"1"," NULL
"
"1"," "
"1",""
"1","$ "
"1",""
"1","axis.line.x.top           "
"1",""
"1",":"
"1"," NULL
"
"1"," "
"1",""
"1","$ "
"1",""
"1","axis.line.x.bottom        "
"1",""
"1",":"
"1"," NULL
"
"1"," "
"1",""
"1","$ "
"1",""
"1","axis.line.y               "
"1",""
"1",":"
"1"," NULL
"
"1"," "
"1",""
"1","$ "
"1",""
"1","axis.line.y.left          "
"1",""
"1",":"
"1"," NULL
"
"1"," "
"1",""
"1","$ "
"1",""
"1","axis.line.y.right         "
"1",""
"1",":"
"1"," NULL
"
"1"," "
"1",""
"1","$ "
"1",""
"1","legend.background         "
"1",""
"1",":"
"1","List"
"1",""
"1"," of "
"1",""
"1","5"
"1",""
"1","
"
"1","  .."
"1",""
"1","$ "
"1",""
"1","fill         "
"1",""
"1",":"
"1"," NULL
"
"1","  .."
"1",""
"1","$ "
"1",""
"1","colour       "
"1",""
"1",":"
"1"," logi "
"1",""
"1","NA"
"1",""
"1","
"
"1","  .."
"1",""
"1","$ "
"1",""
"1","size         "
"1",""
"1",":"
"1"," NULL
"
"1","  .."
"1",""
"1","$ "
"1",""
"1","linetype     "
"1",""
"1",":"
"1"," NULL
"
"1","  .."
"1",""
"1","$ "
"1",""
"1","inherit.blank"
"1",""
"1",":"
"1"," logi "
"1",""
"1","TRUE"
"1",""
"1","
"
"1","  .."
"1",""
"1","- attr(*, ""class"")="
"1"," chr [1:2] "
"1",""
"1","""element_rect"" ""element"""
"1",""
"1","
"
"1"," "
"1",""
"1","$ "
"1",""
"1","legend.margin             "
"1",""
"1",":"
"1"," 'margin' num [1:4] "
"1",""
"1","5.5points 5.5points 5.5points 5.5points"
"1",""
"1","
"
"1","  .."
"1",""
"1","- attr(*, ""unit"")="
"1"," int "
"1",""
"1","8"
"1",""
"1","
"
"1"," "
"1",""
"1","$ "
"1",""
"1","legend.spacing            "
"1",""
"1",":"
"1"," 'simpleUnit' num "
"1",""
"1","11points"
"1",""
"1","
"
"1","  .."
"1",""
"1","- attr(*, ""unit"")="
"1"," int "
"1",""
"1","8"
"1",""
"1","
"
"1"," "
"1",""
"1","$ "
"1",""
"1","legend.spacing.x          "
"1",""
"1",":"
"1"," NULL
"
"1"," "
"1",""
"1","$ "
"1",""
"1","legend.spacing.y          "
"1",""
"1",":"
"1"," NULL
"
"1"," "
"1",""
"1","$ "
"1",""
"1","legend.key                "
"1",""
"1",":"
"1"," "
"1",""
"1","list()
"
"1","  .."
"1",""
"1","- attr(*, ""class"")="
"1"," chr [1:2] "
"1",""
"1","""element_blank"" ""element"""
"1",""
"1","
"
"1"," "
"1",""
"1","$ "
"1",""
"1","legend.key.size           "
"1",""
"1",":"
"1"," 'simpleUnit' num "
"1",""
"1","1.2lines"
"1",""
"1","
"
"1","  .."
"1",""
"1","- attr(*, ""unit"")="
"1"," int "
"1",""
"1","3"
"1",""
"1","
"
"1"," "
"1",""
"1","$ "
"1",""
"1","legend.key.height         "
"1",""
"1",":"
"1"," NULL
"
"1"," "
"1",""
"1","$ "
"1",""
"1","legend.key.width          "
"1",""
"1",":"
"1"," NULL
"
"1"," "
"1",""
"1","$ "
"1",""
"1","legend.text               "
"1",""
"1",":"
"1","List"
"1",""
"1"," of "
"1",""
"1","11"
"1",""
"1","
"
"1","  .."
"1",""
"1","$ "
"1",""
"1","family       "
"1",""
"1",":"
"1"," NULL
"
"1","  .."
"1",""
"1","$ "
"1",""
"1","face         "
"1",""
"1",":"
"1"," NULL
"
"1","  .."
"1",""
"1","$ "
"1",""
"1","colour       "
"1",""
"1",":"
"1"," NULL
"
"1","  .."
"1",""
"1","$ "
"1",""
"1","size         "
"1",""
"1",":"
"1"," 'rel' num "
"1",""
"1","0.8"
"1",""
"1","
"
"1","  .."
"1",""
"1","$ "
"1",""
"1","hjust        "
"1",""
"1",":"
"1"," NULL
"
"1","  .."
"1",""
"1","$ "
"1",""
"1","vjust        "
"1",""
"1",":"
"1"," NULL
"
"1","  .."
"1",""
"1","$ "
"1",""
"1","angle        "
"1",""
"1",":"
"1"," NULL
"
"1","  .."
"1",""
"1","$ "
"1",""
"1","lineheight   "
"1",""
"1",":"
"1"," NULL
"
"1","  .."
"1",""
"1","$ "
"1",""
"1","margin       "
"1",""
"1",":"
"1"," NULL
"
"1","  .."
"1",""
"1","$ "
"1",""
"1","debug        "
"1",""
"1",":"
"1"," NULL
"
"1","  .."
"1",""
"1","$ "
"1",""
"1","inherit.blank"
"1",""
"1",":"
"1"," logi "
"1",""
"1","TRUE"
"1",""
"1","
"
"1","  .."
"1",""
"1","- attr(*, ""class"")="
"1"," chr [1:2] "
"1",""
"1","""element_text"" ""element"""
"1",""
"1","
"
"1"," "
"1",""
"1","$ "
"1",""
"1","legend.text.align         "
"1",""
"1",":"
"1"," NULL
"
"1"," "
"1",""
"1","$ "
"1",""
"1","legend.title              "
"1",""
"1",":"
"1","List"
"1",""
"1"," of "
"1",""
"1","11"
"1",""
"1","
"
"1","  .."
"1",""
"1","$ "
"1",""
"1","family       "
"1",""
"1",":"
"1"," NULL
"
"1","  .."
"1",""
"1","$ "
"1",""
"1","face         "
"1",""
"1",":"
"1"," NULL
"
"1","  .."
"1",""
"1","$ "
"1",""
"1","colour       "
"1",""
"1",":"
"1"," NULL
"
"1","  .."
"1",""
"1","$ "
"1",""
"1","size         "
"1",""
"1",":"
"1"," NULL
"
"1","  .."
"1",""
"1","$ "
"1",""
"1","hjust        "
"1",""
"1",":"
"1"," num "
"1",""
"1","0"
"1",""
"1","
"
"1","  .."
"1",""
"1","$ "
"1",""
"1","vjust        "
"1",""
"1",":"
"1"," NULL
"
"1","  .."
"1",""
"1","$ "
"1",""
"1","angle        "
"1",""
"1",":"
"1"," NULL
"
"1","  .."
"1",""
"1","$ "
"1",""
"1","lineheight   "
"1",""
"1",":"
"1"," NULL
"
"1","  .."
"1",""
"1","$ "
"1",""
"1","margin       "
"1",""
"1",":"
"1"," NULL
"
"1","  .."
"1",""
"1","$ "
"1",""
"1","debug        "
"1",""
"1",":"
"1"," NULL
"
"1","  .."
"1",""
"1","$ "
"1",""
"1","inherit.blank"
"1",""
"1",":"
"1"," logi "
"1",""
"1","TRUE"
"1",""
"1","
"
"1","  .."
"1",""
"1","- attr(*, ""class"")="
"1"," chr [1:2] "
"1",""
"1","""element_text"" ""element"""
"1",""
"1","
"
"1"," "
"1",""
"1","$ "
"1",""
"1","legend.title.align        "
"1",""
"1",":"
"1"," NULL
"
"1"," "
"1",""
"1","$ "
"1",""
"1","legend.position           "
"1",""
"1",":"
"1"," chr "
"1",""
"1","""right"""
"1",""
"1","
"
"1"," "
"1",""
"1","$ "
"1",""
"1","legend.direction          "
"1",""
"1",":"
"1"," NULL
"
"1"," "
"1",""
"1","$ "
"1",""
"1","legend.justification      "
"1",""
"1",":"
"1"," chr "
"1",""
"1","""center"""
"1",""
"1","
"
"1"," "
"1",""
"1","$ "
"1",""
"1","legend.box                "
"1",""
"1",":"
"1"," NULL
"
"1"," "
"1",""
"1","$ "
"1",""
"1","legend.box.just           "
"1",""
"1",":"
"1"," NULL
"
"1"," "
"1",""
"1","$ "
"1",""
"1","legend.box.margin         "
"1",""
"1",":"
"1"," 'margin' num [1:4] "
"1",""
"1","0cm 0cm 0cm 0cm"
"1",""
"1","
"
"1","  .."
"1",""
"1","- attr(*, ""unit"")="
"1"," int "
"1",""
"1","1"
"1",""
"1","
"
"1"," "
"1",""
"1","$ "
"1",""
"1","legend.box.background     "
"1",""
"1",":"
"1"," "
"1",""
"1","list()
"
"1","  .."
"1",""
"1","- attr(*, ""class"")="
"1"," chr [1:2] "
"1",""
"1","""element_blank"" ""element"""
"1",""
"1","
"
"1"," "
"1",""
"1","$ "
"1",""
"1","legend.box.spacing        "
"1",""
"1",":"
"1"," 'simpleUnit' num "
"1",""
"1","11points"
"1",""
"1","
"
"1","  .."
"1",""
"1","- attr(*, ""unit"")="
"1"," int "
"1",""
"1","8"
"1",""
"1","
"
"1"," "
"1",""
"1","$ "
"1",""
"1","panel.background          "
"1",""
"1",":"
"1","List"
"1",""
"1"," of "
"1",""
"1","5"
"1",""
"1","
"
"1","  .."
"1",""
"1","$ "
"1",""
"1","fill         "
"1",""
"1",":"
"1"," chr "
"1",""
"1","""white"""
"1",""
"1","
"
"1","  .."
"1",""
"1","$ "
"1",""
"1","colour       "
"1",""
"1",":"
"1"," logi "
"1",""
"1","NA"
"1",""
"1","
"
"1","  .."
"1",""
"1","$ "
"1",""
"1","size         "
"1",""
"1",":"
"1"," NULL
"
"1","  .."
"1",""
"1","$ "
"1",""
"1","linetype     "
"1",""
"1",":"
"1"," NULL
"
"1","  .."
"1",""
"1","$ "
"1",""
"1","inherit.blank"
"1",""
"1",":"
"1"," logi "
"1",""
"1","TRUE"
"1",""
"1","
"
"1","  .."
"1",""
"1","- attr(*, ""class"")="
"1"," chr [1:2] "
"1",""
"1","""element_rect"" ""element"""
"1",""
"1","
"
"1"," "
"1",""
"1","$ "
"1",""
"1","panel.border              "
"1",""
"1",":"
"1"," "
"1",""
"1","list()
"
"1","  .."
"1",""
"1","- attr(*, ""class"")="
"1"," chr [1:2] "
"1",""
"1","""element_blank"" ""element"""
"1",""
"1","
"
"1"," "
"1",""
"1","$ "
"1",""
"1","panel.spacing             "
"1",""
"1",":"
"1"," 'simpleUnit' num "
"1",""
"1","5.5points"
"1",""
"1","
"
"1","  .."
"1",""
"1","- attr(*, ""unit"")="
"1"," int "
"1",""
"1","8"
"1",""
"1","
"
"1"," "
"1",""
"1","$ "
"1",""
"1","panel.spacing.x           "
"1",""
"1",":"
"1"," NULL
"
"1"," "
"1",""
"1","$ "
"1",""
"1","panel.spacing.y           "
"1",""
"1",":"
"1"," NULL
"
"1"," "
"1",""
"1","$ "
"1",""
"1","panel.grid                "
"1",""
"1",":"
"1","List"
"1",""
"1"," of "
"1",""
"1","6"
"1",""
"1","
"
"1","  .."
"1",""
"1","$ "
"1",""
"1","colour       "
"1",""
"1",":"
"1"," chr "
"1",""
"1","""grey92"""
"1",""
"1","
"
"1","  .."
"1",""
"1","$ "
"1",""
"1","size         "
"1",""
"1",":"
"1"," NULL
"
"1","  .."
"1",""
"1","$ "
"1",""
"1","linetype     "
"1",""
"1",":"
"1"," NULL
"
"1","  .."
"1",""
"1","$ "
"1",""
"1","lineend      "
"1",""
"1",":"
"1"," NULL
"
"1","  .."
"1",""
"1","$ "
"1",""
"1","arrow        "
"1",""
"1",":"
"1"," logi "
"1",""
"1","FALSE"
"1",""
"1","
"
"1","  .."
"1",""
"1","$ "
"1",""
"1","inherit.blank"
"1",""
"1",":"
"1"," logi "
"1",""
"1","TRUE"
"1",""
"1","
"
"1","  .."
"1",""
"1","- attr(*, ""class"")="
"1"," chr [1:2] "
"1",""
"1","""element_line"" ""element"""
"1",""
"1","
"
"1"," "
"1",""
"1","$ "
"1",""
"1","panel.grid.major          "
"1",""
"1",":"
"1"," "
"1",""
"1","list()
"
"1","  .."
"1",""
"1","- attr(*, ""class"")="
"1"," chr [1:2] "
"1",""
"1","""element_blank"" ""element"""
"1",""
"1","
"
"1"," "
"1",""
"1","$ "
"1",""
"1","panel.grid.minor          "
"1",""
"1",":"
"1"," "
"1",""
"1","list()
"
"1","  .."
"1",""
"1","- attr(*, ""class"")="
"1"," chr [1:2] "
"1",""
"1","""element_blank"" ""element"""
"1",""
"1","
"
"1"," "
"1",""
"1","$ "
"1",""
"1","panel.grid.major.x        "
"1",""
"1",":"
"1"," NULL
"
"1"," "
"1",""
"1","$ "
"1",""
"1","panel.grid.major.y        "
"1",""
"1",":"
"1"," NULL
"
"1"," "
"1",""
"1","$ "
"1",""
"1","panel.grid.minor.x        "
"1",""
"1",":"
"1"," NULL
"
"1"," "
"1",""
"1","$ "
"1",""
"1","panel.grid.minor.y        "
"1",""
"1",":"
"1"," NULL
"
"1"," "
"1",""
"1","$ "
"1",""
"1","panel.ontop               "
"1",""
"1",":"
"1"," logi "
"1",""
"1","FALSE"
"1",""
"1","
"
"1"," "
"1",""
"1","$ "
"1",""
"1","plot.background           "
"1",""
"1",":"
"1","List"
"1",""
"1"," of "
"1",""
"1","5"
"1",""
"1","
"
"1","  .."
"1",""
"1","$ "
"1",""
"1","fill         "
"1",""
"1",":"
"1"," NULL
"
"1","  .."
"1",""
"1","$ "
"1",""
"1","colour       "
"1",""
"1",":"
"1"," chr "
"1",""
"1","""white"""
"1",""
"1","
"
"1","  .."
"1",""
"1","$ "
"1",""
"1","size         "
"1",""
"1",":"
"1"," NULL
"
"1","  .."
"1",""
"1","$ "
"1",""
"1","linetype     "
"1",""
"1",":"
"1"," NULL
"
"1","  .."
"1",""
"1","$ "
"1",""
"1","inherit.blank"
"1",""
"1",":"
"1"," logi "
"1",""
"1","TRUE"
"1",""
"1","
"
"1","  .."
"1",""
"1","- attr(*, ""class"")="
"1"," chr [1:2] "
"1",""
"1","""element_rect"" ""element"""
"1",""
"1","
"
"1"," "
"1",""
"1","$ "
"1",""
"1","plot.title                "
"1",""
"1",":"
"1","List"
"1",""
"1"," of "
"1",""
"1","11"
"1",""
"1","
"
"1","  .."
"1",""
"1","$ "
"1",""
"1","family       "
"1",""
"1",":"
"1"," NULL
"
"1","  .."
"1",""
"1","$ "
"1",""
"1","face         "
"1",""
"1",":"
"1"," NULL
"
"1","  .."
"1",""
"1","$ "
"1",""
"1","colour       "
"1",""
"1",":"
"1"," NULL
"
"1","  .."
"1",""
"1","$ "
"1",""
"1","size         "
"1",""
"1",":"
"1"," 'rel' num "
"1",""
"1","1.2"
"1",""
"1","
"
"1","  .."
"1",""
"1","$ "
"1",""
"1","hjust        "
"1",""
"1",":"
"1"," num "
"1",""
"1","0"
"1",""
"1","
"
"1","  .."
"1",""
"1","$ "
"1",""
"1","vjust        "
"1",""
"1",":"
"1"," num "
"1",""
"1","1"
"1",""
"1","
"
"1","  .."
"1",""
"1","$ "
"1",""
"1","angle        "
"1",""
"1",":"
"1"," NULL
"
"1","  .."
"1",""
"1","$ "
"1",""
"1","lineheight   "
"1",""
"1",":"
"1"," NULL
"
"1","  .."
"1",""
"1","$ "
"1",""
"1","margin       "
"1",""
"1",":"
"1"," 'margin' num [1:4] "
"1",""
"1","0points 0points 5.5points 0points"
"1",""
"1","
"
"1","  .. .."
"1",""
"1","- attr(*, ""unit"")="
"1"," int "
"1",""
"1","8"
"1",""
"1","
"
"1","  .."
"1",""
"1","$ "
"1",""
"1","debug        "
"1",""
"1",":"
"1"," NULL
"
"1","  .."
"1",""
"1","$ "
"1",""
"1","inherit.blank"
"1",""
"1",":"
"1"," logi "
"1",""
"1","TRUE"
"1",""
"1","
"
"1","  .."
"1",""
"1","- attr(*, ""class"")="
"1"," chr [1:2] "
"1",""
"1","""element_text"" ""element"""
"1",""
"1","
"
"1"," "
"1",""
"1","$ "
"1",""
"1","plot.title.position       "
"1",""
"1",":"
"1"," chr "
"1",""
"1","""panel"""
"1",""
"1","
"
"1"," "
"1",""
"1","$ "
"1",""
"1","plot.subtitle             "
"1",""
"1",":"
"1","List"
"1",""
"1"," of "
"1",""
"1","11"
"1",""
"1","
"
"1","  .."
"1",""
"1","$ "
"1",""
"1","family       "
"1",""
"1",":"
"1"," NULL
"
"1","  .."
"1",""
"1","$ "
"1",""
"1","face         "
"1",""
"1",":"
"1"," NULL
"
"1","  .."
"1",""
"1","$ "
"1",""
"1","colour       "
"1",""
"1",":"
"1"," NULL
"
"1","  .."
"1",""
"1","$ "
"1",""
"1","size         "
"1",""
"1",":"
"1"," NULL
"
"1","  .."
"1",""
"1","$ "
"1",""
"1","hjust        "
"1",""
"1",":"
"1"," num "
"1",""
"1","0"
"1",""
"1","
"
"1","  .."
"1",""
"1","$ "
"1",""
"1","vjust        "
"1",""
"1",":"
"1"," num "
"1",""
"1","1"
"1",""
"1","
"
"1","  .."
"1",""
"1","$ "
"1",""
"1","angle        "
"1",""
"1",":"
"1"," NULL
"
"1","  .."
"1",""
"1","$ "
"1",""
"1","lineheight   "
"1",""
"1",":"
"1"," NULL
"
"1","  .."
"1",""
"1","$ "
"1",""
"1","margin       "
"1",""
"1",":"
"1"," 'margin' num [1:4] "
"1",""
"1","0points 0points 5.5points 0points"
"1",""
"1","
"
"1","  .. .."
"1",""
"1","- attr(*, ""unit"")="
"1"," int "
"1",""
"1","8"
"1",""
"1","
"
"1","  .."
"1",""
"1","$ "
"1",""
"1","debug        "
"1",""
"1",":"
"1"," NULL
"
"1","  .."
"1",""
"1","$ "
"1",""
"1","inherit.blank"
"1",""
"1",":"
"1"," logi "
"1",""
"1","TRUE"
"1",""
"1","
"
"1","  .."
"1",""
"1","- attr(*, ""class"")="
"1"," chr [1:2] "
"1",""
"1","""element_text"" ""element"""
"1",""
"1","
"
"1"," "
"1",""
"1","$ "
"1",""
"1","plot.caption              "
"1",""
"1",":"
"1","List"
"1",""
"1"," of "
"1",""
"1","11"
"1",""
"1","
"
"1","  .."
"1",""
"1","$ "
"1",""
"1","family       "
"1",""
"1",":"
"1"," NULL
"
"1","  .."
"1",""
"1","$ "
"1",""
"1","face         "
"1",""
"1",":"
"1"," NULL
"
"1","  .."
"1",""
"1","$ "
"1",""
"1","colour       "
"1",""
"1",":"
"1"," NULL
"
"1","  .."
"1",""
"1","$ "
"1",""
"1","size         "
"1",""
"1",":"
"1"," 'rel' num "
"1",""
"1","0.8"
"1",""
"1","
"
"1","  .."
"1",""
"1","$ "
"1",""
"1","hjust        "
"1",""
"1",":"
"1"," num "
"1",""
"1","1"
"1",""
"1","
"
"1","  .."
"1",""
"1","$ "
"1",""
"1","vjust        "
"1",""
"1",":"
"1"," num "
"1",""
"1","1"
"1",""
"1","
"
"1","  .."
"1",""
"1","$ "
"1",""
"1","angle        "
"1",""
"1",":"
"1"," NULL
"
"1","  .."
"1",""
"1","$ "
"1",""
"1","lineheight   "
"1",""
"1",":"
"1"," NULL
"
"1","  .."
"1",""
"1","$ "
"1",""
"1","margin       "
"1",""
"1",":"
"1"," 'margin' num [1:4] "
"1",""
"1","5.5points 0points 0points 0points"
"1",""
"1","
"
"1","  .. .."
"1",""
"1","- attr(*, ""unit"")="
"1"," int "
"1",""
"1","8"
"1",""
"1","
"
"1","  .."
"1",""
"1","$ "
"1",""
"1","debug        "
"1",""
"1",":"
"1"," NULL
"
"1","  .."
"1",""
"1","$ "
"1",""
"1","inherit.blank"
"1",""
"1",":"
"1"," logi "
"1",""
"1","TRUE"
"1",""
"1","
"
"1","  .."
"1",""
"1","- attr(*, ""class"")="
"1"," chr [1:2] "
"1",""
"1","""element_text"" ""element"""
"1",""
"1","
"
"1"," "
"1",""
"1","$ "
"1",""
"1","plot.caption.position     "
"1",""
"1",":"
"1"," chr "
"1",""
"1","""panel"""
"1",""
"1","
"
"1"," "
"1",""
"1","$ "
"1",""
"1","plot.tag                  "
"1",""
"1",":"
"1","List"
"1",""
"1"," of "
"1",""
"1","11"
"1",""
"1","
"
"1","  .."
"1",""
"1","$ "
"1",""
"1","family       "
"1",""
"1",":"
"1"," NULL
"
"1","  .."
"1",""
"1","$ "
"1",""
"1","face         "
"1",""
"1",":"
"1"," NULL
"
"1","  .."
"1",""
"1","$ "
"1",""
"1","colour       "
"1",""
"1",":"
"1"," NULL
"
"1","  .."
"1",""
"1","$ "
"1",""
"1","size         "
"1",""
"1",":"
"1"," 'rel' num "
"1",""
"1","1.2"
"1",""
"1","
"
"1","  .."
"1",""
"1","$ "
"1",""
"1","hjust        "
"1",""
"1",":"
"1"," num "
"1",""
"1","0.5"
"1",""
"1","
"
"1","  .."
"1",""
"1","$ "
"1",""
"1","vjust        "
"1",""
"1",":"
"1"," num "
"1",""
"1","0.5"
"1",""
"1","
"
"1","  .."
"1",""
"1","$ "
"1",""
"1","angle        "
"1",""
"1",":"
"1"," NULL
"
"1","  .."
"1",""
"1","$ "
"1",""
"1","lineheight   "
"1",""
"1",":"
"1"," NULL
"
"1","  .."
"1",""
"1","$ "
"1",""
"1","margin       "
"1",""
"1",":"
"1"," NULL
"
"1","  .."
"1",""
"1","$ "
"1",""
"1","debug        "
"1",""
"1",":"
"1"," NULL
"
"1","  .."
"1",""
"1","$ "
"1",""
"1","inherit.blank"
"1",""
"1",":"
"1"," logi "
"1",""
"1","TRUE"
"1",""
"1","
"
"1","  .."
"1",""
"1","- attr(*, ""class"")="
"1"," chr [1:2] "
"1",""
"1","""element_text"" ""element"""
"1",""
"1","
"
"1"," "
"1",""
"1","$ "
"1",""
"1","plot.tag.position         "
"1",""
"1",":"
"1"," chr "
"1",""
"1","""topleft"""
"1",""
"1","
"
"1"," "
"1",""
"1","$ "
"1",""
"1","plot.margin               "
"1",""
"1",":"
"1"," 'margin' num [1:4] "
"1",""
"1","5.5points 5.5points 5.5points 5.5points"
"1",""
"1","
"
"1","  .."
"1",""
"1","- attr(*, ""unit"")="
"1"," int "
"1",""
"1","8"
"1",""
"1","
"
"1"," "
"1",""
"1","$ "
"1",""
"1","strip.background          "
"1",""
"1",":"
"1","List"
"1",""
"1"," of "
"1",""
"1","5"
"1",""
"1","
"
"1","  .."
"1",""
"1","$ "
"1",""
"1","fill         "
"1",""
"1",":"
"1"," chr "
"1",""
"1","""white"""
"1",""
"1","
"
"1","  .."
"1",""
"1","$ "
"1",""
"1","colour       "
"1",""
"1",":"
"1"," chr "
"1",""
"1","""black"""
"1",""
"1","
"
"1","  .."
"1",""
"1","$ "
"1",""
"1","size         "
"1",""
"1",":"
"1"," 'rel' num "
"1",""
"1","2"
"1",""
"1","
"
"1","  .."
"1",""
"1","$ "
"1",""
"1","linetype     "
"1",""
"1",":"
"1"," NULL
"
"1","  .."
"1",""
"1","$ "
"1",""
"1","inherit.blank"
"1",""
"1",":"
"1"," logi "
"1",""
"1","TRUE"
"1",""
"1","
"
"1","  .."
"1",""
"1","- attr(*, ""class"")="
"1"," chr [1:2] "
"1",""
"1","""element_rect"" ""element"""
"1",""
"1","
"
"1"," "
"1",""
"1","$ "
"1",""
"1","strip.background.x        "
"1",""
"1",":"
"1"," NULL
"
"1"," "
"1",""
"1","$ "
"1",""
"1","strip.background.y        "
"1",""
"1",":"
"1"," NULL
"
"1"," "
"1",""
"1","$ "
"1",""
"1","strip.placement           "
"1",""
"1",":"
"1"," chr "
"1",""
"1","""inside"""
"1",""
"1","
"
"1"," "
"1",""
"1","$ "
"1",""
"1","strip.text                "
"1",""
"1",":"
"1","List"
"1",""
"1"," of "
"1",""
"1","11"
"1",""
"1","
"
"1","  .."
"1",""
"1","$ "
"1",""
"1","family       "
"1",""
"1",":"
"1"," NULL
"
"1","  .."
"1",""
"1","$ "
"1",""
"1","face         "
"1",""
"1",":"
"1"," NULL
"
"1","  .."
"1",""
"1","$ "
"1",""
"1","colour       "
"1",""
"1",":"
"1"," chr "
"1",""
"1","""grey10"""
"1",""
"1","
"
"1","  .."
"1",""
"1","$ "
"1",""
"1","size         "
"1",""
"1",":"
"1"," 'rel' num "
"1",""
"1","0.8"
"1",""
"1","
"
"1","  .."
"1",""
"1","$ "
"1",""
"1","hjust        "
"1",""
"1",":"
"1"," NULL
"
"1","  .."
"1",""
"1","$ "
"1",""
"1","vjust        "
"1",""
"1",":"
"1"," NULL
"
"1","  .."
"1",""
"1","$ "
"1",""
"1","angle        "
"1",""
"1",":"
"1"," NULL
"
"1","  .."
"1",""
"1","$ "
"1",""
"1","lineheight   "
"1",""
"1",":"
"1"," NULL
"
"1","  .."
"1",""
"1","$ "
"1",""
"1","margin       "
"1",""
"1",":"
"1"," 'margin' num [1:4] "
"1",""
"1","4.4points 4.4points 4.4points 4.4points"
"1",""
"1","
"
"1","  .. .."
"1",""
"1","- attr(*, ""unit"")="
"1"," int "
"1",""
"1","8"
"1",""
"1","
"
"1","  .."
"1",""
"1","$ "
"1",""
"1","debug        "
"1",""
"1",":"
"1"," NULL
"
"1","  .."
"1",""
"1","$ "
"1",""
"1","inherit.blank"
"1",""
"1",":"
"1"," logi "
"1",""
"1","TRUE"
"1",""
"1","
"
"1","  .."
"1",""
"1","- attr(*, ""class"")="
"1"," chr [1:2] "
"1",""
"1","""element_text"" ""element"""
"1",""
"1","
"
"1"," "
"1",""
"1","$ "
"1",""
"1","strip.text.x              "
"1",""
"1",":"
"1"," NULL
"
"1"," "
"1",""
"1","$ "
"1",""
"1","strip.text.y              "
"1",""
"1",":"
"1","List"
"1",""
"1"," of "
"1",""
"1","11"
"1",""
"1","
"
"1","  .."
"1",""
"1","$ "
"1",""
"1","family       "
"1",""
"1",":"
"1"," NULL
"
"1","  .."
"1",""
"1","$ "
"1",""
"1","face         "
"1",""
"1",":"
"1"," NULL
"
"1","  .."
"1",""
"1","$ "
"1",""
"1","colour       "
"1",""
"1",":"
"1"," NULL
"
"1","  .."
"1",""
"1","$ "
"1",""
"1","size         "
"1",""
"1",":"
"1"," NULL
"
"1","  .."
"1",""
"1","$ "
"1",""
"1","hjust        "
"1",""
"1",":"
"1"," NULL
"
"1","  .."
"1",""
"1","$ "
"1",""
"1","vjust        "
"1",""
"1",":"
"1"," NULL
"
"1","  .."
"1",""
"1","$ "
"1",""
"1","angle        "
"1",""
"1",":"
"1"," num "
"1",""
"1","-90"
"1",""
"1","
"
"1","  .."
"1",""
"1","$ "
"1",""
"1","lineheight   "
"1",""
"1",":"
"1"," NULL
"
"1","  .."
"1",""
"1","$ "
"1",""
"1","margin       "
"1",""
"1",":"
"1"," NULL
"
"1","  .."
"1",""
"1","$ "
"1",""
"1","debug        "
"1",""
"1",":"
"1"," NULL
"
"1","  .."
"1",""
"1","$ "
"1",""
"1","inherit.blank"
"1",""
"1",":"
"1"," logi "
"1",""
"1","TRUE"
"1",""
"1","
"
"1","  .."
"1",""
"1","- attr(*, ""class"")="
"1"," chr [1:2] "
"1",""
"1","""element_text"" ""element"""
"1",""
"1","
"
"1"," "
"1",""
"1","$ "
"1",""
"1","strip.switch.pad.grid     "
"1",""
"1",":"
"1"," 'simpleUnit' num "
"1",""
"1","2.75points"
"1",""
"1","
"
"1","  .."
"1",""
"1","- attr(*, ""unit"")="
"1"," int "
"1",""
"1","8"
"1",""
"1","
"
"1"," "
"1",""
"1","$ "
"1",""
"1","strip.switch.pad.wrap     "
"1",""
"1",":"
"1"," 'simpleUnit' num "
"1",""
"1","2.75points"
"1",""
"1","
"
"1","  .."
"1",""
"1","- attr(*, ""unit"")="
"1"," int "
"1",""
"1","8"
"1",""
"1","
"
"1"," "
"1",""
"1","$ "
"1",""
"1","strip.text.y.left         "
"1",""
"1",":"
"1","List"
"1",""
"1"," of "
"1",""
"1","11"
"1",""
"1","
"
"1","  .."
"1",""
"1","$ "
"1",""
"1","family       "
"1",""
"1",":"
"1"," NULL
"
"1","  .."
"1",""
"1","$ "
"1",""
"1","face         "
"1",""
"1",":"
"1"," NULL
"
"1","  .."
"1",""
"1","$ "
"1",""
"1","colour       "
"1",""
"1",":"
"1"," NULL
"
"1","  .."
"1",""
"1","$ "
"1",""
"1","size         "
"1",""
"1",":"
"1"," NULL
"
"1","  .."
"1",""
"1","$ "
"1",""
"1","hjust        "
"1",""
"1",":"
"1"," NULL
"
"1","  .."
"1",""
"1","$ "
"1",""
"1","vjust        "
"1",""
"1",":"
"1"," NULL
"
"1","  .."
"1",""
"1","$ "
"1",""
"1","angle        "
"1",""
"1",":"
"1"," num "
"1",""
"1","90"
"1",""
"1","
"
"1","  .."
"1",""
"1","$ "
"1",""
"1","lineheight   "
"1",""
"1",":"
"1"," NULL
"
"1","  .."
"1",""
"1","$ "
"1",""
"1","margin       "
"1",""
"1",":"
"1"," NULL
"
"1","  .."
"1",""
"1","$ "
"1",""
"1","debug        "
"1",""
"1",":"
"1"," NULL
"
"1","  .."
"1",""
"1","$ "
"1",""
"1","inherit.blank"
"1",""
"1",":"
"1"," logi "
"1",""
"1","TRUE"
"1",""
"1","
"
"1","  .."
"1",""
"1","- attr(*, ""class"")="
"1"," chr [1:2] "
"1",""
"1","""element_text"" ""element"""
"1",""
"1","
"
"1"," "
"1",""
"1","$ "
"1",""
"1","data                      "
"1",""
"1",":"
"1","'data.frame':	"
"1",""
"1","11"
"1",""
"1"," obs. of  "
"1",""
"1","10"
"1",""
"1"," variable"
"1",""
"1","s"
"1",""
"1",":"
"1",""
"1","
"
"1","  .."
"1",""
"1","$ "
"1",""
"1","Sisalto      "
"1",""
"1",":"
"1"," chr [1:11] "
"1",""
"1","""Englanti"" ""Alankomaat"" ""Espanja"" ""Ruotsi"""
"1",""
"1"," ..."
"1",""
"1","
"
"1","  .."
"1",""
"1","$ "
"1",""
"1","Tyyppi       "
"1",""
"1",":"
"1"," chr [1:11] "
"1",""
"1","""Välierämaa"" ""Välierämaa"" ""Välierämaa"" ""Välierämaa"""
"1",""
"1"," ..."
"1",""
"1","
"
"1","  .."
"1",""
"1","$ "
"1",""
"1","n            "
"1",""
"1",":"
"1"," int [1:11] "
"1",""
"1","6 5 4 4 3 2 2 1 1 1"
"1",""
"1"," ..."
"1",""
"1","
"
"1","  .."
"1",""
"1","$ "
"1",""
"1","lkm          "
"1",""
"1",":"
"1"," int [1:11] "
"1",""
"1","6 5 4 4 3 2 2 1 1 1"
"1",""
"1"," ..."
"1",""
"1","
"
"1","  .."
"1",""
"1","$ "
"1",""
"1","id           "
"1",""
"1",":"
"1"," chr [1:11] "
"1",""
"1","NA ""NL"" ""ES"" ""SE"""
"1",""
"1"," ..."
"1",""
"1","
"
"1","  .."
"1",""
"1","$ "
"1",""
"1","value        "
"1",""
"1",":"
"1"," chr [1:11] "
"1",""
"1","NA ""Netherlands"" ""Spain"" ""Sweden"""
"1",""
"1"," ..."
"1",""
"1","
"
"1","  .."
"1",""
"1","$ "
"1",""
"1","cc           "
"1",""
"1",":"
"1"," chr [1:11] "
"1",""
"1","NA ""#529624"" ""#41831E"" ""#82BE45"""
"1",""
"1"," ..."
"1",""
"1","
"
"1","  .."
"1",""
"1","$ "
"1",""
"1","maa.id       "
"1",""
"1",":"
"1"," chr [1:11] "
"1",""
"1","NA ""NL"" ""ES"" ""SE"""
"1",""
"1"," ..."
"1",""
"1","
"
"1","  .."
"1",""
"1","$ "
"1",""
"1","id_lower_case"
"1",""
"1",":"
"1"," chr [1:11] "
"1",""
"1","NA ""nl"" ""es"" ""se"""
"1",""
"1"," ..."
"1",""
"1","
"
"1","  .."
"1",""
"1","$ "
"1",""
"1","lkm.fct      "
"1",""
"1",":"
"1"," Factor w/ 6 levels ""1"",""2"",""3"",""4"",..: "
"1",""
"1","6 5 4 4 3 2 2 1 1 1"
"1",""
"1"," ..."
"1",""
"1","
"
"1"," "
"1",""
"1","$ "
"1",""
"1","layers                    "
"1",""
"1",":"
"1","List"
"1",""
"1"," of "
"1",""
"1","2"
"1",""
"1","
"
"1","  .."
"1",""
"1","$ "
"1",""
"1",""
"1",""
"1",":"
"1","Classes 'LayerInstance', 'Layer', 'ggproto', 'gg' "
"1","<ggproto object: Class LayerInstance, Layer, gg>
    aes_params: list
    compute_aesthetics: function
    compute_geom_1: function
    compute_geom_2: function
    compute_position: function
    compute_statistic: function
    computed_geom_params: list
    computed_mapping: uneval
    computed_stat_params: list
    data: waiver
    draw_geom: function
    finish_statistics: function
    geom: <ggproto object: Class GeomFlag, Geom, gg>
        aesthetics: function
        default_aes: uneval
        draw_group: function
        draw_key: function
        draw_layer: function
        draw_panel: function
        extra_params: na.rm
        handle_na: function
        non_missing_aes: 
        optional_aes: 
        parameters: function
        required_aes: x y country
        setup_data: function
        setup_params: function
        use_defaults: function
        super:  <ggproto object: Class Geom, gg>
    geom_params: list
    inherit.aes: TRUE
    layer_data: function
    map_statistic: function
    mapping: uneval
    position: <ggproto object: Class PositionIdentity, Position, gg>
        compute_layer: function
        compute_panel: function
        required_aes: 
        setup_data: function
        setup_params: function
        super:  <ggproto object: Class Position, gg>
    print: function
    setup_layer: function
    show.legend: NA
    stat: <ggproto object: Class StatIdentity, Stat, gg>
        aesthetics: function
        compute_group: function
        compute_layer: function
        compute_panel: function
        default_aes: uneval
        extra_params: na.rm
        finish_layer: function
        non_missing_aes: 
        optional_aes: 
        parameters: function
        required_aes: 
        retransform: TRUE
        setup_data: function
        setup_params: function
        super:  <ggproto object: Class Stat, gg>
    stat_params: list
    super:  <ggproto object: Class Layer, gg> "
"1",""
"1",""
"1",""
"1","
"
"1","  .."
"1",""
"1","$ "
"1",""
"1",""
"1",""
"1",":"
"1","Classes 'LayerInstance', 'Layer', 'ggproto', 'gg' "
"1","<ggproto object: Class LayerInstance, Layer, gg>
    aes_params: list
    compute_aesthetics: function
    compute_geom_1: function
    compute_geom_2: function
    compute_position: function
    compute_statistic: function
    computed_geom_params: list
    computed_mapping: uneval
    computed_stat_params: list
    data: waiver
    draw_geom: function
    finish_statistics: function
    geom: <ggproto object: Class GeomBar, GeomRect, Geom, gg>
        aesthetics: function
        default_aes: uneval
        draw_group: function
        draw_key: function
        draw_layer: function
        draw_panel: function
        extra_params: na.rm orientation
        handle_na: function
        non_missing_aes: xmin xmax ymin ymax
        optional_aes: 
        parameters: function
        required_aes: x y
        setup_data: function
        setup_params: function
        use_defaults: function
        super:  <ggproto object: Class GeomRect, Geom, gg>
    geom_params: list
    inherit.aes: TRUE
    layer_data: function
    map_statistic: function
    mapping: NULL
    position: <ggproto object: Class PositionDodge, Position, gg>
        compute_layer: function
        compute_panel: function
        preserve: total
        required_aes: 
        setup_data: function
        setup_params: function
        width: 0.8
        super:  <ggproto object: Class PositionDodge, Position, gg>
    print: function
    setup_layer: function
    show.legend: NA
    stat: <ggproto object: Class StatIdentity, Stat, gg>
        aesthetics: function
        compute_group: function
        compute_layer: function
        compute_panel: function
        default_aes: uneval
        extra_params: na.rm
        finish_layer: function
        non_missing_aes: 
        optional_aes: 
        parameters: function
        required_aes: 
        retransform: TRUE
        setup_data: function
        setup_params: function
        super:  <ggproto object: Class Stat, gg>
    stat_params: list
    super:  <ggproto object: Class Layer, gg> "
"1",""
"1",""
"1",""
"1","
"
"1"," "
"1",""
"1","$ "
"1",""
"1","scales                    "
"1",""
"1",":"
"1","Classes 'ScalesList', 'ggproto', 'gg' "
"1","<ggproto object: Class ScalesList, gg>
    add: function
    clone: function
    find: function
    get_scales: function
    has_scale: function
    input: function
    n: function
    non_position_scales: function
    scales: list
    super:  <ggproto object: Class ScalesList, gg> "
"1",""
"1",""
"1",""
"1","
"
"1"," "
"1",""
"1","$ "
"1",""
"1","mapping                   "
"1",""
"1",":"
"1","List"
"1",""
"1"," of "
"1",""
"1","2"
"1",""
"1","
"
"1","  .."
"1",""
"1","$ "
"1",""
"1","x"
"1",""
"1",":"
"1"," language "
"1",""
"1","~reorder(Sisalto, lkm)"
"1",""
"1","
"
"1","  .. .."
"1",""
"1","- attr(*, "".Environment"")="
"1","<environment: R_GlobalEnv> "
"1",""
"1",""
"1",""
"1","
"
"1","  .."
"1",""
"1","$ "
"1",""
"1","y"
"1",""
"1",":"
"1"," language "
"1",""
"1","~lkm"
"1",""
"1","
"
"1","  .. .."
"1",""
"1","- attr(*, "".Environment"")="
"1","<environment: R_GlobalEnv> "
"1",""
"1",""
"1",""
"1","
"
"1","  .."
"1",""
"1","- attr(*, ""class"")="
"1"," chr "
"1",""
"1","""uneval"""
"1",""
"1","
"
"1"," "
"1",""
"1","$ "
"1",""
"1","theme                     "
"1",""
"1",":"
"1"," "
"1",""
"1","list()
"
"1"," "
"1",""
"1","$ "
"1",""
"1","coordinates               "
"1",""
"1",":"
"1","Classes 'CoordFlip', 'CoordCartesian', 'Coord', 'ggproto', 'gg' "
"1","<ggproto object: Class CoordFlip, CoordCartesian, Coord, gg>
    aspect: function
    backtransform_range: function
    clip: on
    default: FALSE
    distance: function
    expand: TRUE
    is_free: function
    is_linear: function
    labels: function
    limits: list
    modify_scales: function
    range: function
    render_axis_h: function
    render_axis_v: function
    render_bg: function
    render_fg: function
    setup_data: function
    setup_layout: function
    setup_panel_guides: function
    setup_panel_params: function
    setup_params: function
    train_panel_guides: function
    transform: function
    super:  <ggproto object: Class CoordFlip, CoordCartesian, Coord, gg> "
"1",""
"1",""
"1",""
"1","
"
"1"," "
"1"," "
"1","[list output truncated]
"
"1"," "
"1",""
"1","- attr(*, ""class"")="
"1"," chr [1:2] "
"1",""
"1","""theme"" ""gg"""
"1",""
"1","
"
"1"," "
"1",""
"1","- attr(*, ""complete"")="
"1"," logi "
"1",""
"1","TRUE"
"1",""
"1","
"
"1"," "
"1",""
"1","- attr(*, ""validate"")="
"1"," logi "
"1",""
"1","TRUE"
"1",""
"1","
"
